{
    "services": [
        {
            "id": 1,
            "title": "Custom Website Design",
            "description": "Craft a distinctive online identity with a bespoke website tailored to your brand. Our custom designs ensure a unique and memorable user experience, reflecting your business.",
            "sections": [
                {
                    "heading": "The Art of Custom Design",
                    "content": "Custom website design involves creating a unique web presence from scratch, focused on meeting the specific needs and brand identity of the client. It's not just about aesthetics but creating a seamless user experience that stands out from the competition. "
                },
                {
                    "heading": "Understanding Your Brand",
                    "content": "The process begins with a deep dive into your brand, understanding its values, target audience, and objectives. This foundation allows us to create a design that truly represents your business online."
                },
                {
                    "heading": "Design Meets Functionality",
                    "content": "Our approach integrates innovative design with functional, user-friendly interfaces. We focus on ensuring your website not only looks great but also operates efficiently, enhancing user engagement and satisfaction."
                },
                {
                    "heading": "Responsive and Adaptive",
                    "content": "Every design we create is responsive, ensuring your website looks and works perfectly on all devices. This adaptive approach maximizes accessibility and user engagement, catering to the modern consumer's needs."
                },
                {
                    "heading": "SEO-Optimized Design",
                    "content": "SEO considerations are baked into our design process, ensuring your site is optimized for search engines from the ground up. A well-designed, SEO-friendly website is more visible and can attract more traffic and leads."
                },
                {
                    "heading": "Ongoing Support and Evolution",
                    "content": "Our relationship doesn't end with the launch of your site. We offer ongoing support and updates, ensuring your website evolves with your business and the digital landscape, keeping you ahead of the curve."
                }
            ],
            "imageUrl": "./img/services/custom-website-design.jpg"
        },
        {
            "id": 2,
            "title": "Responsive Web Development",
            "description": "In a world where users access websites from various devices, responsiveness is key. Our developers create websites that adapt seamlessly to different screen sizes.",
            "sections": [
                {
                    "heading": "Principles of Responsive Design",
                    "content": "Responsive web development ensures that your site delivers a flawless user experience across all devices. Using flexible grids, images, and CSS media queries, we create websites that respond to the user’s behavior and environment."
                },
                {
                    "heading": "Mobile-First Approach",
                    "content": "With the increasing use of smartphones for internet browsing, adopting a mobile-first approach has become essential. We start with the mobile experience, ensuring it's intuitive and comprehensive, then scale up to larger screens, maintaining functionality and design integrity."
                },
                {
                    "heading": "User-Centered Design",
                    "content": "Our development process is centered around the user. By focusing on usability and accessibility, we ensure that the website is easy to navigate, content is easy to consume, and actions are easy to take, regardless of the device used."
                },
                {
                    "heading": "Performance Optimization",
                    "content": "Responsive websites must not only adapt in appearance but also in performance. We optimize images, minify CSS and JavaScript, and employ best practices to ensure that your site loads quickly and runs smoothly on any device."
                },
                {
                    "heading": "Testing Across Devices",
                    "content": "Extensive testing is a critical part of our responsive web development process. We use a combination of physical devices and software tools to test each site on multiple screens and browsers, ensuring consistency and quality of the user experience."
                },
                {
                    "heading": "Future-Proofing Your Website",
                    "content": "Our responsive designs are built with the future in mind. By adhering to current standards and anticipating changes in technology, we ensure that your site remains functional and relevant, providing long-term value to your business."
                }
            ],
            "imageUrl": "./img/services/responsive.jpg"
        },
        {
            "id": 3,
            "title": "E-commerce Solutions",
            "description": "Elevate your online sales with our comprehensive e-commerce development services. From intuitive product catalogs to secure payment gateways.",
            "sections": [
                {
                    "heading": "Building Your Online Store",
                    "content": "Our e-commerce solutions are designed to transform your business into an online powerhouse. By focusing on user-friendly designs and seamless shopping experiences, we help you attract and retain customers."
                },
                {
                    "heading": "Product Catalogs and Management",
                    "content": "Manage your products effortlessly with our intuitive interfaces. We provide you with powerful tools to add, edit, and organize products, making your inventory management a breeze."
                },
                {
                    "heading": "Secure Payment Solutions",
                    "content": "Security is paramount in e-commerce. We integrate the most trusted payment gateways into your platform, ensuring safe and reliable transactions for your customers."
                },
                {
                    "heading": "Customizable Shopping Experiences",
                    "content": "Every business is unique, and so should be its online store. We offer customizable solutions that reflect your brand’s ethos, ensuring your e-commerce site stands out from the competition."
                },
                {
                    "heading": "Scalable Infrastructure",
                    "content": "As your business grows, so does your website. Our e-commerce platforms are built on scalable infrastructure, ready to expand in line with your business."
                },
                {
                    "heading": "Analytics and Reporting",
                    "content": "Gain insights into your customers' behavior with advanced analytics. Our solutions help you understand shopping patterns, enabling you to make informed decisions to grow your business."
                }
            ],
            "imageUrl": "./img/services/ecommerce.jpg"
        },
        {
            "id": 4,
            "title": "Content Management Systems",
            "description": "Manage your website's content effortlessly with our CMS solutions. We specialize in WordPress, Drupal, and custom systems to fit your specific needs.",
            "sections": [
                {
                    "heading": "Ease of Content Management",
                    "content": "Our CMS solutions offer an intuitive interface for content creation, modification, and management, enabling you to keep your website updated with ease."
                },
                {
                    "heading": "Customization and Flexibility",
                    "content": "Tailor your site to your exact requirements. Our CMS platforms offer extensive customization options, allowing you to align your website with your brand identity."
                },
                {
                    "heading": "Seamless Integrations",
                    "content": "Extend the functionality of your website with plugins and extensions. We ensure seamless integration of various tools and services to enhance your site’s capabilities."
                },
                {
                    "heading": "Security and Maintenance",
                    "content": "Stay secure with regular updates and maintenance. Our team ensures your CMS is always up-to-date, protecting your site from vulnerabilities."
                },
                {
                    "heading": "User Roles and Permissions",
                    "content": "Control access with customizable user roles and permissions. Our CMS solutions let you manage who can edit your site, ensuring content integrity."
                },
                {
                    "heading": "SEO and Marketing Tools",
                    "content": "Optimize your content for search engines with built-in SEO tools. Our CMS platforms come equipped with features to enhance your online visibility and marketing efforts."
                }
            ],
            "imageUrl": "./img/services/cms.jpg"
        },
        {
            "id": 5,
            "title": "Web Application Development",
            "description": "Transform your ideas into reality with our web application development services. Our team uses the latest technologies to build scalable, high-performing web apps.",
            "sections": [
                {
                    "heading": "Custom Web Applications",
                    "content": "We specialize in developing bespoke web applications tailored to your business needs, enhancing your operational efficiency and user engagement."
                },
                {
                    "heading": "Modern Technologies",
                    "content": "Leverage the latest web technologies with us. We utilize frameworks like React, Angular, and Vue.js to deliver cutting-edge web applications."
                },
                {
                    "heading": "API Development and Integration",
                    "content": "Enhance your web application's functionality with custom APIs. We provide seamless integration of external services and APIs to enrich your app's features."
                },
                {
                    "heading": "Performance and Scalability",
                    "content": "Our applications are optimized for speed and performance, designed to scale with your business and handle increasing loads effortlessly."
                },
                {
                    "heading": "Security Measures",
                    "content": "We prioritize the security of your web applications, implementing robust security measures to protect your data and users from threats."
                },
                {
                    "heading": "Continuous Support and Updates",
                    "content": "Our commitment to your success extends beyond launch. We offer ongoing support and updates to ensure your web application remains relevant and effective."
                }
            ],
            "imageUrl": "./img/services/web-application.jpg"
        },
        {
            "id": 6,
            "title": "Maintenance and Support",
            "description": "Keep your website at peak performance with our maintenance and support services. We handle updates, security, and troubleshooting to ensure seamless operation.",
            "sections": [
                {
                    "heading": "Proactive Website Maintenance",
                    "content": "Avoid downtime with our proactive maintenance services. We regularly update your site, check for issues, and make necessary improvements to keep it running smoothly."
                },
                {
                    "heading": "Security Monitoring and Updates",
                    "content": "Protect your online presence from threats. Our team monitors your website for security risks and promptly applies updates and patches."
                },
                {
                    "heading": "Performance Optimization",
                    "content": "Ensure your website loads quickly and efficiently. We optimize your sites speed and performance, enhancing user experience and SEO rankings."
                },
                {
                    "heading": "Technical Support",
                    "content": "Get expert assistance when you need it. Our technical support team is on hand to help you resolve any issues, providing guidance and solutions."
                },
                {
                    "heading": "Backup and Disaster Recovery",
                    "content": "Safeguard your data with regular backups. We implement robust backup and disaster recovery plans to protect your website against data loss."
                },
                {
                    "heading": "Website Enhancements",
                    "content": "Keep your website up-to-date with the latest trends and technologies. We offer recommendations and implement enhancements to improve your site continuously."
                }
            ],
            "imageUrl": "./img/services/Maintenance.jpg"
        }
    ]
}